<?xml version="1.0" encoding="UTF-8"?>
<services xmlns="http://www.demandware.com/xml/impex/services/2014-09-26">
    <service-credential service-credential-id="tallio.sftp.RefArch">
        <url>sftp.tallio.com</url>
        <user-id>tallio-sftp-user</user-id>
        <password masked="true">******</password>
    </service-credential>

    <service-profile service-profile-id="tallio.sftp">
        <timeout-millis>5000</timeout-millis>
        <rate-limit-enabled>false</rate-limit-enabled>
        <rate-limit-calls>0</rate-limit-calls>
        <rate-limit-millis>0</rate-limit-millis>
        <cb-enabled>true</cb-enabled>
        <cb-calls>3</cb-calls>
        <cb-millis>20000</cb-millis>
    </service-profile>

    <service service-id="tallio.sftp.export.RefArch">
        <service-type>SFTP</service-type>
        <enabled>true</enabled>
        <log-prefix>bazaarvoice_sftp</log-prefix>
        <comm-log-enabled>false</comm-log-enabled>
        <force-prd-enabled>false</force-prd-enabled>
        <mock-mode-enabled>false</mock-mode-enabled>
        <profile-id>tallio.sftp</profile-id>
        <credential-id>tallio.sftp.RefArch</credential-id>
    </service>

</services>
